"project","access","year","month","day","articles__article","articles__views","articles__rank"
"lv.wikipedia","all-access","2018","02","all-days","Sākumlapa","49040","1"
"lv.wikipedia","all-access","2018","02","all-days","Special:Search","41584","2"
"lv.wikipedia","all-access","2018","02","all-days","2018._gada_ziemas_olimpiskās_spēles","33803","3"
"lv.wikipedia","all-access","2018","02","all-days","Special:RecentChanges","16610","4"
"lv.wikipedia","all-access","2018","02","all-days","2018._gada_ziemas_olimpisko_spēļu_medaļu_tabula","13857","5"
"lv.wikipedia","all-access","2018","02","all-days","Hokejs_2018._gada_ziemas_olimpiskajās_spēlēs","13252","6"
"lv.wikipedia","all-access","2018","02","all-days","Latvija","11172","7"
"lv.wikipedia","all-access","2018","02","all-days","Ilmārs_Rimšēvičs","10198","8"
"lv.wikipedia","all-access","2018","02","all-days","Silvestrs_Stallone","9037","9"
"lv.wikipedia","all-access","2018","02","all-days","Meteņi","7981","10"
"lv.wikipedia","all-access","2018","02","all-days","Latvija_2018._gada_ziemas_olimpiskajās_spēlēs","7819","11"
"lv.wikipedia","all-access","2018","02","all-days","Special:CreateAccount","7511","12"
"lv.wikipedia","all-access","2018","02","all-days","Olimpiskās_spēles","6708","13"
"lv.wikipedia","all-access","2018","02","all-days","Hokejs_2018._gada_ziemas_olimpiskajās_spēlēs_—_vīrieši","6622","14"
"lv.wikipedia","all-access","2018","02","all-days","Otrais_pasaules_karš","5521","15"
"lv.wikipedia","all-access","2018","02","all-days","Latvija_olimpiskajās_spēlēs","5310","16"
"lv.wikipedia","all-access","2018","02","all-days","Nameja_gredzens_(filma)","5267","17"
"lv.wikipedia","all-access","2018","02","all-days","Martins_Dukurs","4964","18"
"lv.wikipedia","all-access","2018","02","all-days","Hokejs_2018._gada_ziemas_olimpiskajās_spēlēs_—_vīrieši,_kvalifikācija","4958","19"
"lv.wikipedia","all-access","2018","02","all-days","Dienvidkoreja","4740","20"
"lv.wikipedia","all-access","2018","02","all-days","Ziemas_olimpiskās_spēles","4669","21"
"lv.wikipedia","all-access","2018","02","all-days","Valentīna_diena","4651","22"
"lv.wikipedia","all-access","2018","02","all-days","Sengrieķu_mitoloģijas_mītu_un_tēlu_uzskaitījums","4592","23"
"lv.wikipedia","all-access","2018","02","all-days","Rīga","4546","24"
"lv.wikipedia","all-access","2018","02","all-days","Vikiprojekts:Ziemas_olimpisko_spēļu_konkurss","4450","25"
"lv.wikipedia","all-access","2018","02","all-days","Austrālija","4284","26"
"lv.wikipedia","all-access","2018","02","all-days","Special:CiteThisPage","4206","27"
"lv.wikipedia","all-access","2018","02","all-days","Special:Book","4160","28"
"lv.wikipedia","all-access","2018","02","all-days","Mairis_Briedis","4149","29"
"lv.wikipedia","all-access","2018","02","all-days","Vikipēdija","4054","30"
"lv.wikipedia","all-access","2018","02","all-days","Lietuva","3901","31"
"lv.wikipedia","all-access","2018","02","all-days","Suleimans_I","3858","32"
"lv.wikipedia","all-access","2018","02","all-days","Special:ElectronPdf","3793","33"
"lv.wikipedia","all-access","2018","02","all-days","Krievija","3739","34"
"lv.wikipedia","all-access","2018","02","all-days","Latvijas_vēsture","3666","35"
"lv.wikipedia","all-access","2018","02","all-days","Special:Watchlist","3624","36"
"lv.wikipedia","all-access","2018","02","all-days","Pelnu_diena","3410","37"
"lv.wikipedia","all-access","2018","02","all-days","Titāniks","3343","38"
"lv.wikipedia","all-access","2018","02","all-days","Vācija","3208","39"
"lv.wikipedia","all-access","2018","02","all-days","Olimpiskie_sporta_veidi","3192","40"
"lv.wikipedia","all-access","2018","02","all-days","Palīdzība:Saturs","3104","41"
"lv.wikipedia","all-access","2018","02","all-days","Igaunija","3075","42"
"lv.wikipedia","all-access","2018","02","all-days","Vispārējie_latviešu_Dziesmu_un_Deju_svētki","3054","43"
"lv.wikipedia","all-access","2018","02","all-days","Eiropa","3051","44"
"lv.wikipedia","all-access","2018","02","all-days","Pirmais_pasaules_karš","3033","45"
"lv.wikipedia","all-access","2018","02","all-days","Eiropas_Savienība","3005","46"
"lv.wikipedia","all-access","2018","02","all-days","Bobslejs_2018._gada_ziemas_olimpiskajās_spēlēs","2981","47"
"lv.wikipedia","all-access","2018","02","all-days","Oskars_Melbārdis","2912","48"
"lv.wikipedia","all-access","2018","02","all-days","Mākslinieciskās_izteiksmes_līdzeklis","2910","49"
"lv.wikipedia","all-access","2018","02","all-days","Ķīmisko_elementu_periodiskā_tabula","2879","50"
"lv.wikipedia","all-access","2018","02","all-days","Senā_Grieķija","2868","51"
"lv.wikipedia","all-access","2018","02","all-days","Laura_Rizoto","2844","52"
"lv.wikipedia","all-access","2018","02","all-days","Olbaltumvielas","2829","53"
"lv.wikipedia","all-access","2018","02","all-days","Harijs_Poters","2822","54"
"lv.wikipedia","all-access","2018","02","all-days","Ķīna","2774","55"
"lv.wikipedia","all-access","2018","02","all-days","Rūdolfs_Blaumanis","2765","56"
"lv.wikipedia","all-access","2018","02","all-days","Ziemeļkoreja","2757","57"
"lv.wikipedia","all-access","2018","02","all-days","Japāna","2714","58"
"lv.wikipedia","all-access","2018","02","all-days","Latvijas_pilsētu_uzskaitījums","2676","59"
"lv.wikipedia","all-access","2018","02","all-days","Āfrika","2636","60"
"lv.wikipedia","all-access","2018","02","all-days","Kristaps_Porziņģis","2633","61"
"lv.wikipedia","all-access","2018","02","all-days","Herberts_Cukurs","2552","62"
"lv.wikipedia","all-access","2018","02","all-days","Baltijas_jūra","2551","63"
"lv.wikipedia","all-access","2018","02","all-days","Amerikas_Savienotās_Valstis","2546","64"
"lv.wikipedia","all-access","2018","02","all-days","Latviešu_alfabēts","2543","65"
"lv.wikipedia","all-access","2018","02","all-days","Indija","2541","66"
"lv.wikipedia","all-access","2018","02","all-days","Phjončhana","2525","67"
"lv.wikipedia","all-access","2018","02","all-days","Dagmāra_Legante","2505","68"
"lv.wikipedia","all-access","2018","02","all-days","Latvijas_PSR","2444","69"
"lv.wikipedia","all-access","2018","02","all-days","Zeme","2415","70"
"lv.wikipedia","all-access","2018","02","all-days","Renesanse","2411","71"
"lv.wikipedia","all-access","2018","02","all-days","Francija","2404","72"
"lv.wikipedia","all-access","2018","02","all-days","Padomju_Savienība","2398","73"
"lv.wikipedia","all-access","2018","02","all-days","Daugava","2387","74"
"lv.wikipedia","all-access","2018","02","all-days","Imants_Ziedonis","2385","75"
"lv.wikipedia","all-access","2018","02","all-days","Latviešu_valoda","2337","76"
"lv.wikipedia","all-access","2018","02","all-days","Supernova_2018","2330","77"
"lv.wikipedia","all-access","2018","02","all-days","Haralds_Silovs","2329","78"
"lv.wikipedia","all-access","2018","02","all-days","Olimpiskie_simboli","2311","79"
"lv.wikipedia","all-access","2018","02","all-days","Vārdšķira","2309","80"
"lv.wikipedia","all-access","2018","02","all-days","Spānija","2305","81"
"lv.wikipedia","all-access","2018","02","all-days","Senā_Roma","2293","82"
"lv.wikipedia","all-access","2018","02","all-days","Antarktīda","2288","83"
"lv.wikipedia","all-access","2018","02","all-days","Apvienotā_Karaliste","2286","84"
"lv.wikipedia","all-access","2018","02","all-days","Brīvības_piemineklis","2271","85"
"lv.wikipedia","all-access","2018","02","all-days","Latvijas_okupācija_(1940)","2227","86"
"lv.wikipedia","all-access","2018","02","all-days","Lieldienas","2219","87"
"lv.wikipedia","all-access","2018","02","all-days","2018._gada_Pasaules_čempionāts_hokejā","2208","88"
"lv.wikipedia","all-access","2018","02","all-days","Latvijas_ezeru_uzskaitījums","2205","89"
"lv.wikipedia","all-access","2018","02","all-days","23._februāris","2201","90"
"lv.wikipedia","all-access","2018","02","all-days","Rainis","2180","91"
"lv.wikipedia","all-access","2018","02","all-days","RSS_protokols","2173","92"
"lv.wikipedia","all-access","2018","02","all-days","Trigonometriskās_funkcijas","2169","93"
"lv.wikipedia","all-access","2018","02","all-days","Volfgangs_Amadejs_Mocarts","2167","94"
"lv.wikipedia","all-access","2018","02","all-days","Demokrātija","2130","95"
"lv.wikipedia","all-access","2018","02","all-days","Zivis","2125","96"
"lv.wikipedia","all-access","2018","02","all-days","Osmaņu_dinastija","2108","97"
"lv.wikipedia","all-access","2018","02","all-days","Kurzeme","2101","98"
"lv.wikipedia","all-access","2018","02","all-days","Dzīvnieki","2089","99"
"lv.wikipedia","all-access","2018","02","all-days","Aspazija","2083","100"
"lv.wikipedia","all-access","2018","02","all-days","Latgale","2064","101"
"lv.wikipedia","all-access","2018","02","all-days","Vikipēdija:Saistību_atrunas","2057","102"
"lv.wikipedia","all-access","2018","02","all-days","Svešā_seja","2053","103"
"lv.wikipedia","all-access","2018","02","all-days","Viduslaiki","2046","104"
"lv.wikipedia","all-access","2018","02","all-days","Kriminālās_ekselences_fonds","2044","105"
"lv.wikipedia","all-access","2018","02","all-days","Latvijas_Valsts_prezidents","2035","106"
"lv.wikipedia","all-access","2018","02","all-days","Latvijas_hokeja_izlase","2027","107"
"lv.wikipedia","all-access","2018","02","all-days","Autoritārais_Kārļa_Ulmaņa_režīms","2027","107"
"lv.wikipedia","all-access","2018","02","all-days","Liepāja","2010","109"
"lv.wikipedia","all-access","2018","02","all-days","Itālija","2005","110"
"lv.wikipedia","all-access","2018","02","all-days","Latvijas_pilsētu_ģerboņi","1976","111"
"lv.wikipedia","all-access","2018","02","all-days","Romiešu_skaitļi","1969","112"
"lv.wikipedia","all-access","2018","02","all-days","Ūdens","1967","113"
"lv.wikipedia","all-access","2018","02","all-days","Kategorija:Grieķu_dievi","1964","114"
"lv.wikipedia","all-access","2018","02","all-days","Latvijas_svētku,_atceres_un_atzīmējamās_dienas","1953","115"
"lv.wikipedia","all-access","2018","02","all-days","Papīra_lapas_formāts","1944","116"
"lv.wikipedia","all-access","2018","02","all-days","Bitcoin","1941","117"
"lv.wikipedia","all-access","2018","02","all-days","Dievs,_svētī_Latviju","1925","118"
"lv.wikipedia","all-access","2018","02","all-days","Šveice","1923","119"
"lv.wikipedia","all-access","2018","02","all-days","Āzija","1922","120"
"lv.wikipedia","all-access","2018","02","all-days","Enerģija","1907","121"
"lv.wikipedia","all-access","2018","02","all-days","Antīkās_olimpiskās_spēles","1898","122"
"lv.wikipedia","all-access","2018","02","all-days","Latvijas_Republikas_Satversme","1896","123"
"lv.wikipedia","all-access","2018","02","all-days","Saules_sistēma","1890","124"
"lv.wikipedia","all-access","2018","02","all-days","Latvijas_brīvības_cīņas","1884","125"
"lv.wikipedia","all-access","2018","02","all-days","Jaunlatvieši","1884","125"
"lv.wikipedia","all-access","2018","02","all-days","Latvijas_karogs","1881","127"
"lv.wikipedia","all-access","2018","02","all-days","Abinieki","1868","128"
"lv.wikipedia","all-access","2018","02","all-days","Nīderlande","1861","129"
"lv.wikipedia","all-access","2018","02","all-days","Zviedrija","1860","130"
"lv.wikipedia","all-access","2018","02","all-days","Kārlis_Ulmanis","1857","131"
"lv.wikipedia","all-access","2018","02","all-days","Basketbols","1846","132"
"lv.wikipedia","all-access","2018","02","all-days","Vikipēdija:Par","1845","133"
"lv.wikipedia","all-access","2018","02","all-days","Daiļslidošana_2018._gada_ziemas_olimpiskajās_spēlēs","1843","134"
"lv.wikipedia","all-access","2018","02","all-days","Molotova—Ribentropa_pakts","1837","135"
"lv.wikipedia","all-access","2018","02","all-days","Reformācija","1835","136"
"lv.wikipedia","all-access","2018","02","all-days","Baroks","1832","137"
"lv.wikipedia","all-access","2018","02","all-days","Savanna","1824","138"
"lv.wikipedia","all-access","2018","02","all-days","Biatlons","1822","139"
"lv.wikipedia","all-access","2018","02","all-days","Mēness","1820","140"
"lv.wikipedia","all-access","2018","02","all-days","Latvijas_demogrāfija","1818","141"
"lv.wikipedia","all-access","2018","02","all-days","Franču_revolūcija","1815","142"
"lv.wikipedia","all-access","2018","02","all-days","Vietniekvārds","1810","143"
"lv.wikipedia","all-access","2018","02","all-days","Jauda","1810","143"
"lv.wikipedia","all-access","2018","02","all-days","Starptautiskā_mērvienību_sistēma","1807","145"
"lv.wikipedia","all-access","2018","02","all-days","Kukaiņi","1803","146"
"lv.wikipedia","all-access","2018","02","all-days","Gremošanas_orgānu_sistēma","1800","147"
"lv.wikipedia","all-access","2018","02","all-days","Mitrais_tropu_mežs","1798","148"
"lv.wikipedia","all-access","2018","02","all-days","Vidzeme","1790","149"
"lv.wikipedia","all-access","2018","02","all-days","Biatlons_2018._gada_ziemas_olimpiskajās_spēlēs","1784","150"
"lv.wikipedia","all-access","2018","02","all-days","Norvēģija","1783","151"
"lv.wikipedia","all-access","2018","02","all-days","Raimonds_Pauls","1775","152"
"lv.wikipedia","all-access","2018","02","all-days","Barikāžu_laiks","1771","153"
"lv.wikipedia","all-access","2018","02","all-days","Nafta","1768","154"
"lv.wikipedia","all-access","2018","02","all-days","Special:WhatLinksHere","1761","155"
"lv.wikipedia","all-access","2018","02","all-days","Kaķis","1745","156"
"lv.wikipedia","all-access","2018","02","all-days","Special:RecentChangesLinked","1730","157"
"lv.wikipedia","all-access","2018","02","all-days","Turcija","1730","157"
"lv.wikipedia","all-access","2018","02","all-days","Jāņi","1725","159"
"lv.wikipedia","all-access","2018","02","all-days","Valmiera","1723","160"
"lv.wikipedia","all-access","2018","02","all-days","Somija","1718","161"
"lv.wikipedia","all-access","2018","02","all-days","Gauja","1716","162"
"lv.wikipedia","all-access","2018","02","all-days","Hokejs","1706","163"
"lv.wikipedia","all-access","2018","02","all-days","Iekšdedzes_dzinējs","1705","164"
"lv.wikipedia","all-access","2018","02","all-days","Valstu_uzskaitījums_pēc_iedzīvotāju_skaita","1697","165"
"lv.wikipedia","all-access","2018","02","all-days","ISBN","1695","166"
"lv.wikipedia","all-access","2018","02","all-days","ISO_8601","1685","167"
"lv.wikipedia","all-access","2018","02","all-days","Tuksnesis","1684","168"
"lv.wikipedia","all-access","2018","02","all-days","Tomass_Dukurs","1679","169"
"lv.wikipedia","all-access","2018","02","all-days","Izraēla","1676","170"
"lv.wikipedia","all-access","2018","02","all-days","Nieres","1673","171"
"lv.wikipedia","all-access","2018","02","all-days","Pitagora_teorēma","1668","172"
"lv.wikipedia","all-access","2018","02","all-days","Saeima","1663","173"
"lv.wikipedia","all-access","2018","02","all-days","Kategorija:Latviešu_rakstnieki","1661","174"
"lv.wikipedia","all-access","2018","02","all-days","Norvik_Banka","1645","175"
"lv.wikipedia","all-access","2018","02","all-days","Riņķa_līnija","1638","176"
"lv.wikipedia","all-access","2018","02","all-days","Rīgas_vēsture","1638","176"
"lv.wikipedia","all-access","2018","02","all-days","Latvijas_administratīvais_iedalījums","1635","178"
"lv.wikipedia","all-access","2018","02","all-days","Vikipēdija:Kontakti","1635","178"
"lv.wikipedia","all-access","2018","02","all-days","Kanāda","1631","180"
"lv.wikipedia","all-access","2018","02","all-days","Zemgale","1630","181"
"lv.wikipedia","all-access","2018","02","all-days","Polija","1629","182"
"lv.wikipedia","all-access","2018","02","all-days","Daumants_Dreiškens","1619","183"
"lv.wikipedia","all-access","2018","02","all-days","Angļu_valoda","1610","184"
"lv.wikipedia","all-access","2018","02","all-days","2018._gada_ziemas_olimpisko_spēļu_komandu_vērtējums","1599","185"
"lv.wikipedia","all-access","2018","02","all-days","Kērlings","1591","186"
"lv.wikipedia","all-access","2018","02","all-days","Vikipēdija:Kopienas_portāls","1588","187"
"lv.wikipedia","all-access","2018","02","all-days","JSON","1588","187"
"lv.wikipedia","all-access","2018","02","all-days","Trijstūris","1585","189"
"lv.wikipedia","all-access","2018","02","all-days","Ogleklis","1583","190"
"lv.wikipedia","all-access","2018","02","all-days","Sīkdatne","1579","191"
"lv.wikipedia","all-access","2018","02","all-days","Vasaras_olimpiskās_spēles","1574","192"
"lv.wikipedia","all-access","2018","02","all-days","Deniss_Vasiļjevs","1571","193"
"lv.wikipedia","all-access","2018","02","all-days","Emīls_Dārziņš","1569","194"
"lv.wikipedia","all-access","2018","02","all-days","Roksolana","1560","195"
"lv.wikipedia","all-access","2018","02","all-days","Markus_Riva","1556","196"
"lv.wikipedia","all-access","2018","02","all-days","Islande","1544","197"
"lv.wikipedia","all-access","2018","02","all-days","Pēteris_Čaikovskis","1542","198"
"lv.wikipedia","all-access","2018","02","all-days","Latvijas_ģerbonis","1536","199"
"lv.wikipedia","all-access","2018","02","all-days","Lāčplēsis_(eposs)","1530","200"
"lv.wikipedia","all-access","2018","02","all-days","Latviešu_virtuve","1530","200"
"lv.wikipedia","all-access","2018","02","all-days","Attēls:XHamster_logo_2016.png","1528","202"
"lv.wikipedia","all-access","2018","02","all-days","Zodiaks","1527","203"
"lv.wikipedia","all-access","2018","02","all-days","Suns","1524","204"
"lv.wikipedia","all-access","2018","02","all-days","NATO","1521","205"
"lv.wikipedia","all-access","2018","02","all-days","Johans_Sebastians_Bahs","1521","205"
"lv.wikipedia","all-access","2018","02","all-days","Aukstais_karš","1521","205"
"lv.wikipedia","all-access","2018","02","all-days","Latvijas_klimats","1519","208"
"lv.wikipedia","all-access","2018","02","all-days","Romantisms","1510","209"
"lv.wikipedia","all-access","2018","02","all-days","Koreja","1508","210"
"lv.wikipedia","all-access","2018","02","all-days","Putni","1503","211"
"lv.wikipedia","all-access","2018","02","all-days","Special:Statistics","1501","212"
"lv.wikipedia","all-access","2018","02","all-days","Kristietība","1500","213"
"lv.wikipedia","all-access","2018","02","all-days","Romas_impērija","1500","213"
"lv.wikipedia","all-access","2018","02","all-days","Ojārs_Vācietis","1491","215"
"lv.wikipedia","all-access","2018","02","all-days","Dānija","1486","216"
"lv.wikipedia","all-access","2018","02","all-days","Ēģipte","1486","216"
"lv.wikipedia","all-access","2018","02","all-days","Latvijas_ekonomika","1481","218"
"lv.wikipedia","all-access","2018","02","all-days","Harijs_Poters_(filmu_sērija)","1479","219"
"lv.wikipedia","all-access","2018","02","all-days","Opera","1472","220"
"lv.wikipedia","all-access","2018","02","all-days","Kriptonauda","1472","220"
"lv.wikipedia","all-access","2018","02","all-days","Livonija","1467","222"
"lv.wikipedia","all-access","2018","02","all-days","Latvijas_Republikas_Ministru_kabinets","1464","223"
"lv.wikipedia","all-access","2018","02","all-days","Ogļhidrāti","1463","224"
"lv.wikipedia","all-access","2018","02","all-days","Latviešu_strēlnieki","1463","224"
"lv.wikipedia","all-access","2018","02","all-days","Livonijas_karš","1458","226"
"lv.wikipedia","all-access","2018","02","all-days","Latviešu_leģions","1457","227"
"lv.wikipedia","all-access","2018","02","all-days","Senā_Ēģipte","1456","228"
"lv.wikipedia","all-access","2018","02","all-days","2014._gada_ziemas_olimpiskās_spēles","1456","228"
"lv.wikipedia","all-access","2018","02","all-days","Olimpiskie_sportisti_no_Krievijas_2018._gada_ziemas_olimpiskajās_spēlēs","1451","230"
"lv.wikipedia","all-access","2018","02","all-days","Bobslejs","1451","230"
"lv.wikipedia","all-access","2018","02","all-days","Krišjānis_Barons","1450","232"
"lv.wikipedia","all-access","2018","02","all-days","Daiļslidošana","1448","233"
"lv.wikipedia","all-access","2018","02","all-days","Malta","1446","234"
"lv.wikipedia","all-access","2018","02","all-days","Aleksandrs_Lielais","1446","234"
"lv.wikipedia","all-access","2018","02","all-days","Skaņa","1443","236"
"lv.wikipedia","all-access","2018","02","all-days","Starptautisko_tālsarunu_kodu_saraksts","1440","237"
"lv.wikipedia","all-access","2018","02","all-days","Latvijas_valsts_pasludināšana","1437","238"
"lv.wikipedia","all-access","2018","02","all-days","Skeletons_2018._gada_ziemas_olimpiskajās_spēlēs","1436","239"
"lv.wikipedia","all-access","2018","02","all-days","Napoleons_Bonaparts","1436","239"
"lv.wikipedia","all-access","2018","02","all-days","Indonēzija","1433","241"
"lv.wikipedia","all-access","2018","02","all-days","Portugāle","1429","242"
"lv.wikipedia","all-access","2018","02","all-days","Osmaņu_impērija","1426","243"
"lv.wikipedia","all-access","2018","02","all-days","Cēsis","1414","244"
"lv.wikipedia","all-access","2018","02","all-days","Jelgava","1414","244"
"lv.wikipedia","all-access","2018","02","all-days","Dzelzs","1413","246"
"lv.wikipedia","all-access","2018","02","all-days","Starptautiskā_sieviešu_diena","1395","247"
"lv.wikipedia","all-access","2018","02","all-days","Pelēkais_vilks","1390","248"
"lv.wikipedia","all-access","2018","02","all-days","Purva_bridējs","1383","249"
"lv.wikipedia","all-access","2018","02","all-days","Jaunzēlande","1376","250"
"lv.wikipedia","all-access","2018","02","all-days","Josifs_Staļins","1373","251"
"lv.wikipedia","all-access","2018","02","all-days","Azbests","1369","252"
"lv.wikipedia","all-access","2018","02","all-days","Rāpuļi","1366","253"
"lv.wikipedia","all-access","2018","02","all-days","Depeche_Mode","1361","254"
"lv.wikipedia","all-access","2018","02","all-days","Latviešu_mitoloģija","1360","255"
"lv.wikipedia","all-access","2018","02","all-days","Oma_likums","1359","256"
"lv.wikipedia","all-access","2018","02","all-days","Krusta_kari","1357","257"
"lv.wikipedia","all-access","2018","02","all-days","Lielā_zīlīte","1356","258"
"lv.wikipedia","all-access","2018","02","all-days","Kurzemes_un_Zemgales_hercogiste","1355","259"
"lv.wikipedia","all-access","2018","02","all-days","Grieķija","1354","260"
"lv.wikipedia","all-access","2018","02","all-days","Ādolfs_Hitlers","1352","261"
"lv.wikipedia","all-access","2018","02","all-days","Rundāles_pils","1348","262"
"lv.wikipedia","all-access","2018","02","all-days","Laika_josla","1347","263"
"lv.wikipedia","all-access","2018","02","all-days","Kontinents","1344","264"
"lv.wikipedia","all-access","2018","02","all-days","Daugavpils","1339","265"
"lv.wikipedia","all-access","2018","02","all-days","Anglija","1339","265"
"lv.wikipedia","all-access","2018","02","all-days","Dators","1336","267"
"lv.wikipedia","all-access","2018","02","all-days","Epitets","1333","268"
"lv.wikipedia","all-access","2018","02","all-days","Dienvidamerika","1331","269"
"lv.wikipedia","all-access","2018","02","all-days","Ziemassvētki","1331","269"
"lv.wikipedia","all-access","2018","02","all-days","1905._gada_revolūcija_Latvijā","1328","271"
"lv.wikipedia","all-access","2018","02","all-days","Andrejs_Rastorgujevs","1325","272"
"lv.wikipedia","all-access","2018","02","all-days","Jūgendstils","1324","273"
"lv.wikipedia","all-access","2018","02","all-days","Attēls:Config-date.png","1323","274"
"lv.wikipedia","all-access","2018","02","all-days","Impresionisms","1319","275"
"lv.wikipedia","all-access","2018","02","all-days","Selims_II","1316","276"
"lv.wikipedia","all-access","2018","02","all-days","Valstu_uzskaitījums_pēc_platības","1314","277"
"lv.wikipedia","all-access","2018","02","all-days","Autisms","1312","278"
"lv.wikipedia","all-access","2018","02","all-days","Ziemas_karš","1310","279"
"lv.wikipedia","all-access","2018","02","all-days","Upe","1309","280"
"lv.wikipedia","all-access","2018","02","all-days","Perimetrs","1307","281"
"lv.wikipedia","all-access","2018","02","all-days","Etanols","1307","281"
"lv.wikipedia","all-access","2018","02","all-days","Latvijas_ģeogrāfija","1299","283"
"lv.wikipedia","all-access","2018","02","all-days","Brazīlija","1298","284"
"lv.wikipedia","all-access","2018","02","all-days","Ieži","1293","285"
"lv.wikipedia","all-access","2018","02","all-days","Ātrslidošana_2018._gada_ziemas_olimpiskajās_spēlēs","1291","286"
"lv.wikipedia","all-access","2018","02","all-days","Fotosintēze","1287","287"
"lv.wikipedia","all-access","2018","02","all-days","Latvija_2014._gada_ziemas_olimpiskajās_spēlēs","1285","288"
"lv.wikipedia","all-access","2018","02","all-days","Alfabēts","1281","289"
"lv.wikipedia","all-access","2018","02","all-days","Metafora","1273","290"
"lv.wikipedia","all-access","2018","02","all-days","Sirds","1270","291"
"lv.wikipedia","all-access","2018","02","all-days","Islāms","1269","292"
"lv.wikipedia","all-access","2018","02","all-days","Latvijas_naudas_vēsture","1264","293"
"lv.wikipedia","all-access","2018","02","all-days","Tērauds","1262","294"
"lv.wikipedia","all-access","2018","02","all-days","Attēls:Crystal_Clear_app_kedit.png","1255","295"
"lv.wikipedia","all-access","2018","02","all-days","Mērnieku_laiki","1254","296"
"lv.wikipedia","all-access","2018","02","all-days","Mūzikas_instruments","1246","297"
"lv.wikipedia","all-access","2018","02","all-days","Raimonds_Vējonis","1244","298"
"lv.wikipedia","all-access","2018","02","all-days","Latvijas_vācu_okupācija_(1941—1945)","1243","299"
"lv.wikipedia","all-access","2018","02","all-days","Agrārā_reforma_Latvijā","1238","300"
"lv.wikipedia","all-access","2018","02","all-days","Veidne:Latvijas_lielākās_pilsētas","1235","301"
"lv.wikipedia","all-access","2018","02","all-days","Kāpināšana","1234","302"
"lv.wikipedia","all-access","2018","02","all-days","Apgaismības_laikmets","1233","303"
"lv.wikipedia","all-access","2018","02","all-days","Māra_Zālīte","1233","303"
"lv.wikipedia","all-access","2018","02","all-days","2018._gada_Eirovīzijas_dziesmu_konkurss","1232","305"
"lv.wikipedia","all-access","2018","02","all-days","Futbols","1230","306"
"lv.wikipedia","all-access","2018","02","all-days","Rēzekne","1229","307"
"lv.wikipedia","all-access","2018","02","all-days","Bronhīts","1220","308"
"lv.wikipedia","all-access","2018","02","all-days","Jānis_Čakste","1220","308"
"lv.wikipedia","all-access","2018","02","all-days","Grāmatvedība","1219","310"
"lv.wikipedia","all-access","2018","02","all-days","Slāpeklis","1218","311"
"lv.wikipedia","all-access","2018","02","all-days","Taizeme","1211","312"
"lv.wikipedia","all-access","2018","02","all-days","Sporta_veidu_saraksts","1210","313"
"lv.wikipedia","all-access","2018","02","all-days","Interneta_medija_tips","1208","314"
"lv.wikipedia","all-access","2018","02","all-days","Eiro","1205","315"
"lv.wikipedia","all-access","2018","02","all-days","LP_(dziedātāja)","1204","316"
"lv.wikipedia","all-access","2018","02","all-days","Balets","1204","316"
"lv.wikipedia","all-access","2018","02","all-days","Cilvēka_temperaments","1202","318"
"lv.wikipedia","all-access","2018","02","all-days","Masalas","1202","318"
"lv.wikipedia","all-access","2018","02","all-days","Trapece","1201","320"
"lv.wikipedia","all-access","2018","02","all-days","Latvijas_vēstures_hronoloģija","1199","321"
"lv.wikipedia","all-access","2018","02","all-days","Kipra","1198","322"
"lv.wikipedia","all-access","2018","02","all-days","Latvieši","1196","323"
"lv.wikipedia","all-access","2018","02","all-days","Jūrmala","1196","323"
"lv.wikipedia","all-access","2018","02","all-days","Trojas_karš","1195","325"
"lv.wikipedia","all-access","2018","02","all-days","Aļona_Ostapenko","1194","326"
"lv.wikipedia","all-access","2018","02","all-days","Zevs","1192","327"
"lv.wikipedia","all-access","2018","02","all-days","Ūdeņradis","1192","327"
"lv.wikipedia","all-access","2018","02","all-days","Orķestris","1191","329"
"lv.wikipedia","all-access","2018","02","all-days","Sengrieķu_mitoloģija","1190","330"
"lv.wikipedia","all-access","2018","02","all-days","Tundra","1181","331"
"lv.wikipedia","all-access","2018","02","all-days","Ulmaņa_apvērsums","1180","332"
"lv.wikipedia","all-access","2018","02","all-days","Saule","1177","333"
"lv.wikipedia","all-access","2018","02","all-days","Brūnais_lācis","1172","334"
"lv.wikipedia","all-access","2018","02","all-days","Trijstūra_augstums","1162","335"
"lv.wikipedia","all-access","2018","02","all-days","Septiņi_pasaules_brīnumi","1162","335"
"lv.wikipedia","all-access","2018","02","all-days","Beļģija","1161","337"
"lv.wikipedia","all-access","2018","02","all-days","Gruzija","1161","337"
"lv.wikipedia","all-access","2018","02","all-days","Klasicisms","1158","339"
"lv.wikipedia","all-access","2018","02","all-days","Lāčplēsis","1154","340"
"lv.wikipedia","all-access","2018","02","all-days","Hektārs","1153","341"
"lv.wikipedia","all-access","2018","02","all-days","2020._gada_vasaras_olimpiskās_spēles","1152","342"
"lv.wikipedia","all-access","2018","02","all-days","Latvijas_putnu_sugu_saraksts","1150","343"
"lv.wikipedia","all-access","2018","02","all-days","Pirmais_pasaules_karš_Latvijā","1147","344"
"lv.wikipedia","all-access","2018","02","all-days","Metāli","1147","344"
"lv.wikipedia","all-access","2018","02","all-days","ASV_prezidentu_uzskaitījums","1144","346"
"lv.wikipedia","all-access","2018","02","all-days","Ventspils","1144","346"
"lv.wikipedia","all-access","2018","02","all-days","C_reaktīvais_olbaltums","1143","348"
"lv.wikipedia","all-access","2018","02","all-days","2014._gada_ziemas_olimpisko_spēļu_medaļu_tabula","1140","349"
"lv.wikipedia","all-access","2018","02","all-days","Mīlestība","1139","350"
"lv.wikipedia","all-access","2018","02","all-days","Jūlijs_Cēzars","1137","351"
"lv.wikipedia","all-access","2018","02","all-days","Austrija","1133","352"
"lv.wikipedia","all-access","2018","02","all-days","Latvija_Eirovīzijas_dziesmu_konkursā","1133","352"
"lv.wikipedia","all-access","2018","02","all-days","Cukura_diabēts","1133","352"
"lv.wikipedia","all-access","2018","02","all-days","Džezs","1131","355"
"lv.wikipedia","all-access","2018","02","all-days","Reformācija_Livonijā","1131","355"
"lv.wikipedia","all-access","2018","02","all-days","Kuba","1131","355"
"lv.wikipedia","all-access","2018","02","all-days","Ārija_Elksne","1130","358"
"lv.wikipedia","all-access","2018","02","all-days","Korejas_karš","1129","359"
"lv.wikipedia","all-access","2018","02","all-days","Absolūtisms","1129","359"
"lv.wikipedia","all-access","2018","02","all-days","Oskars_Kalpaks","1129","359"
"lv.wikipedia","all-access","2018","02","all-days","Greja_piecdesmit_nokrāsu_triloģija","1127","362"
"lv.wikipedia","all-access","2018","02","all-days","Prāta_Vētra","1127","362"
"lv.wikipedia","all-access","2018","02","all-days","Alumīnijs","1120","364"
"lv.wikipedia","all-access","2018","02","all-days","Latvijas_Banka","1116","365"
"lv.wikipedia","all-access","2018","02","all-days","Īrija","1115","366"
"lv.wikipedia","all-access","2018","02","all-days","Latvijas_garākās_upes","1114","367"
"lv.wikipedia","all-access","2018","02","all-days","Asins_grupas","1112","368"
"lv.wikipedia","all-access","2018","02","all-days","Vikipēdija:Aktualitātes","1111","369"
"lv.wikipedia","all-access","2018","02","all-days","Internets","1110","370"
"lv.wikipedia","all-access","2018","02","all-days","Titāniks_(filma)","1110","370"
"lv.wikipedia","all-access","2018","02","all-days","Kazahstāna","1110","370"
"lv.wikipedia","all-access","2018","02","all-days","Skābeklis","1109","373"
"lv.wikipedia","all-access","2018","02","all-days","Apvienoto_Nāciju_Organizācija","1108","374"
"lv.wikipedia","all-access","2018","02","all-days","Hanzas_savienība","1107","375"
"lv.wikipedia","all-access","2018","02","all-days","Pārspriedums","1105","376"
"lv.wikipedia","all-access","2018","02","all-days","Hokejs_olimpiskajās_spēlēs","1103","377"
"lv.wikipedia","all-access","2018","02","all-days","Oglekļa_dioksīds","1103","377"
"lv.wikipedia","all-access","2018","02","all-days","Eseja","1103","377"
"lv.wikipedia","all-access","2018","02","all-days","Šorttreks","1103","377"
"lv.wikipedia","all-access","2018","02","all-days","Kategorija:Latviešu_teātra_aktieri","1101","381"
"lv.wikipedia","all-access","2018","02","all-days","UgunsGrēks","1101","381"
"lv.wikipedia","all-access","2018","02","all-days","Par_Latvijas_Republikas_neatkarības_atjaunošanu","1100","383"
"lv.wikipedia","all-access","2018","02","all-days","Apvienotie_Arābu_Emirāti","1098","384"
"lv.wikipedia","all-access","2018","02","all-days","Spirti","1098","384"
"lv.wikipedia","all-access","2018","02","all-days","Oļegs_Znaroks","1097","386"
"lv.wikipedia","all-access","2018","02","all-days","Modernisms","1097","386"
"lv.wikipedia","all-access","2018","02","all-days","Gaiziņkalns","1097","386"
"lv.wikipedia","all-access","2018","02","all-days","Elektriskā_pretestība","1095","389"
"lv.wikipedia","all-access","2018","02","all-days","Akmeņogles","1093","390"
"lv.wikipedia","all-access","2018","02","all-days","Ķīniešu_Jaunais_gads","1093","390"
"lv.wikipedia","all-access","2018","02","all-days","Krievijas_hokeja_izlase","1087","392"
"lv.wikipedia","all-access","2018","02","all-days","Ukraina","1087","392"
"lv.wikipedia","all-access","2018","02","all-days","Dzīvnieku_ferma","1087","392"
"lv.wikipedia","all-access","2018","02","all-days","Donava","1086","395"
"lv.wikipedia","all-access","2018","02","all-days","Parastā_egle","1079","396"
"lv.wikipedia","all-access","2018","02","all-days","Anna_Brigadere","1079","396"
"lv.wikipedia","all-access","2018","02","all-days","Vulkāns","1074","398"
"lv.wikipedia","all-access","2018","02","all-days","Darja_Saltikova","1072","399"
"lv.wikipedia","all-access","2018","02","all-days","Meksika","1072","399"
"lv.wikipedia","all-access","2018","02","all-days","1905._gada_revolūcija","1071","401"
"lv.wikipedia","all-access","2018","02","all-days","Kategorija:Latviešu_dziedātāji","1070","402"
"lv.wikipedia","all-access","2018","02","all-days","Volejbols","1068","403"
"lv.wikipedia","all-access","2018","02","all-days","Proza","1067","404"
"lv.wikipedia","all-access","2018","02","all-days","Budisms","1065","405"
"lv.wikipedia","all-access","2018","02","all-days","Olimpisko_spēļu_norises_vietu_uzskaitījums","1064","406"
"lv.wikipedia","all-access","2018","02","all-days","Taisnleņķa_trijstūris","1063","407"
"lv.wikipedia","all-access","2018","02","all-days","Lelde_Priedulēna","1060","408"
"lv.wikipedia","all-access","2018","02","all-days","Džeimss_Bonds","1059","409"
"lv.wikipedia","all-access","2018","02","all-days","Dons","1057","410"
"lv.wikipedia","all-access","2018","02","all-days","Pasaule","1056","411"
"lv.wikipedia","all-access","2018","02","all-days","Kamaniņu_braukšana_2018._gada_ziemas_olimpiskajās_spēlēs","1054","412"
"lv.wikipedia","all-access","2018","02","all-days","Rudā_lapsa","1052","413"
"lv.wikipedia","all-access","2018","02","all-days","Blīvums","1051","414"
"lv.wikipedia","all-access","2018","02","all-days","Siltuma_daudzums","1048","415"
"lv.wikipedia","all-access","2018","02","all-days","Jānis_Strenga","1045","416"
"lv.wikipedia","all-access","2018","02","all-days","Taiga","1045","416"
"lv.wikipedia","all-access","2018","02","all-days","Maroka","1042","418"
"lv.wikipedia","all-access","2018","02","all-days","Vitamīni","1042","418"
"lv.wikipedia","all-access","2018","02","all-days","Valentīns_Jeremejevs","1041","420"
"lv.wikipedia","all-access","2018","02","all-days","Baltijas_ceļš","1037","421"
"lv.wikipedia","all-access","2018","02","all-days","Sanktpēterburga","1037","421"
"lv.wikipedia","all-access","2018","02","all-days","Maiņstrāva","1031","423"
"lv.wikipedia","all-access","2018","02","all-days","Maskava","1027","424"
"lv.wikipedia","all-access","2018","02","all-days","Vācijas_pilsētu_uzskaitījums","1024","425"
"lv.wikipedia","all-access","2018","02","all-days","Autoritārisms","1023","426"
"lv.wikipedia","all-access","2018","02","all-days","Zirnekļi","1022","427"
"lv.wikipedia","all-access","2018","02","all-days","Čūskas","1021","428"
"lv.wikipedia","all-access","2018","02","all-days","Sigulda","1020","429"
"lv.wikipedia","all-access","2018","02","all-days","Jāzeps_Vītols","1019","430"
"lv.wikipedia","all-access","2018","02","all-days","Kategorija:Latvijas_sportisti","1019","430"
"lv.wikipedia","all-access","2018","02","all-days","Fosfors","1016","432"
"lv.wikipedia","all-access","2018","02","all-days","Latvijas_Satversmes_sapulce","1013","433"
"lv.wikipedia","all-access","2018","02","all-days","Special:AllPages","1013","433"
"lv.wikipedia","all-access","2018","02","all-days","Ekspresionisms","1011","435"
"lv.wikipedia","all-access","2018","02","all-days","Leonardo_da_Vinči","1010","436"
"lv.wikipedia","all-access","2018","02","all-days","Holokausts","1008","437"
"lv.wikipedia","all-access","2018","02","all-days","Nauda","1007","438"
"lv.wikipedia","all-access","2018","02","all-days","Laukums","1006","439"
"lv.wikipedia","all-access","2018","02","all-days","Komunisms","1003","440"
"lv.wikipedia","all-access","2018","02","all-days","Sērs","1002","441"
"lv.wikipedia","all-access","2018","02","all-days","Dana_Reizniece-Ozola","1000","442"
"lv.wikipedia","all-access","2018","02","all-days","Aknas","998","443"
"lv.wikipedia","all-access","2018","02","all-days","Naudas_vēsture","995","444"
"lv.wikipedia","all-access","2018","02","all-days","Glikoze","994","445"
"lv.wikipedia","all-access","2018","02","all-days","Vikipēdija:Paziņojumi_par_kļūdām","993","446"
"lv.wikipedia","all-access","2018","02","all-days","Aija_Andrejeva","990","447"
"lv.wikipedia","all-access","2018","02","all-days","Liberālisms","989","448"
"lv.wikipedia","all-access","2018","02","all-days","Dzeja","987","449"
"lv.wikipedia","all-access","2018","02","all-days","1949._gada_marta_deportācijas","986","450"
"lv.wikipedia","all-access","2018","02","all-days","Stepe","985","451"
"lv.wikipedia","all-access","2018","02","all-days","Kašķis","984","452"
"lv.wikipedia","all-access","2018","02","all-days","Amonjaks","981","453"
"lv.wikipedia","all-access","2018","02","all-days","Iekšzemes_kopprodukts","977","454"
"lv.wikipedia","all-access","2018","02","all-days","Skandināvu_mitoloģija","976","455"
"lv.wikipedia","all-access","2018","02","all-days","Zemes_atmosfēra","975","456"
"lv.wikipedia","all-access","2018","02","all-days","Varš","973","457"
"lv.wikipedia","all-access","2018","02","all-days","Diāna_Ņikitina","973","457"
"lv.wikipedia","all-access","2018","02","all-days","Jēkabpils","973","457"
"lv.wikipedia","all-access","2018","02","all-days","Kultūra","973","457"
"lv.wikipedia","all-access","2018","02","all-days","Meldonijs","972","461"
"lv.wikipedia","all-access","2018","02","all-days","Mārtiņš_Freimanis","972","461"
"lv.wikipedia","all-access","2018","02","all-days","Salna_pavasarī","972","461"
"lv.wikipedia","all-access","2018","02","all-days","Staļingradas_kauja","971","464"
"lv.wikipedia","all-access","2018","02","all-days","Tauki","971","464"
"lv.wikipedia","all-access","2018","02","all-days","Totalitārisms","971","464"
"lv.wikipedia","all-access","2018","02","all-days","Olga_Dreģe","970","467"
"lv.wikipedia","all-access","2018","02","all-days","2022._gada_ziemas_olimpiskās_spēles","968","468"
"lv.wikipedia","all-access","2018","02","all-days","Augsne","968","468"
"lv.wikipedia","all-access","2018","02","all-days","Nameisis","967","470"
"lv.wikipedia","all-access","2018","02","all-days","Bulgārija","967","470"
"lv.wikipedia","all-access","2018","02","all-days","Marss_(planēta)","966","472"
"lv.wikipedia","all-access","2018","02","all-days","Horvātija","965","473"
"lv.wikipedia","all-access","2018","02","all-days","Cilvēks","964","474"
"lv.wikipedia","all-access","2018","02","all-days","Spēks","964","474"
"lv.wikipedia","all-access","2018","02","all-days","Baltkrievija","960","476"
"lv.wikipedia","all-access","2018","02","all-days","Automašīna","960","476"
"lv.wikipedia","all-access","2018","02","all-days","Lielais_gavēnis","959","478"
"lv.wikipedia","all-access","2018","02","all-days","Jelgavas_pils","957","479"
"lv.wikipedia","all-access","2018","02","all-days","Riņķis","956","480"
"lv.wikipedia","all-access","2018","02","all-days","Vaira_Vīķe-Freiberga","956","480"
"lv.wikipedia","all-access","2018","02","all-days","Kategorija:Latviešu_komponisti","956","480"
"lv.wikipedia","all-access","2018","02","all-days","Andrejs_Pumpurs","953","483"
"lv.wikipedia","all-access","2018","02","all-days","Mērenā_josla","952","484"
"lv.wikipedia","all-access","2018","02","all-days","Kuņģis","952","484"
"lv.wikipedia","all-access","2018","02","all-days","Oksidēšanās-reducēšanās_reakcijas","951","486"
"lv.wikipedia","all-access","2018","02","all-days","Klusais_okeāns","951","486"
"lv.wikipedia","all-access","2018","02","all-days","Diskriminants","950","488"
"lv.wikipedia","all-access","2018","02","all-days","Krišjānis_Valdemārs","950","488"
"lv.wikipedia","all-access","2018","02","all-days","Komats","948","490"
"lv.wikipedia","all-access","2018","02","all-days","Leikocīti","947","491"
"lv.wikipedia","all-access","2018","02","all-days","Elīna_Garanča","946","492"
"lv.wikipedia","all-access","2018","02","all-days","Senā_Divupe","946","492"
"lv.wikipedia","all-access","2018","02","all-days","Facebook","945","494"
"lv.wikipedia","all-access","2018","02","all-days","Asinis","943","495"
"lv.wikipedia","all-access","2018","02","all-days","Distanču_slēpošana_2018._gada_ziemas_olimpiskajās_spēlēs","943","495"
"lv.wikipedia","all-access","2018","02","all-days","Raudupiete","942","497"
"lv.wikipedia","all-access","2018","02","all-days","Venta","941","498"
"lv.wikipedia","all-access","2018","02","all-days","Dienvidāfrika","941","498"
"lv.wikipedia","all-access","2018","02","all-days","Šahs","939","500"
"lv.wikipedia","all-access","2018","02","all-days","Ludvigs_van_Bēthovens","939","500"
"lv.wikipedia","all-access","2018","02","all-days","Renārs_Kaupers","938","502"
"lv.wikipedia","all-access","2018","02","all-days","Elizabete_II_Vindzora","938","502"
"lv.wikipedia","all-access","2018","02","all-days","Ugunskrusts_(zīme)","938","502"
"lv.wikipedia","all-access","2018","02","all-days","Gripa","938","502"
"lv.wikipedia","all-access","2018","02","all-days","Special:Categories","935","506"
"lv.wikipedia","all-access","2018","02","all-days","Ziemeļamerika","934","507"
"lv.wikipedia","all-access","2018","02","all-days","Lubāns","933","508"
"lv.wikipedia","all-access","2018","02","all-days","Mežs","933","508"
"lv.wikipedia","all-access","2018","02","all-days","Marihuāna","933","508"
"lv.wikipedia","all-access","2018","02","all-days","Latvijas_nacionālie_simboli","933","508"
"lv.wikipedia","all-access","2018","02","all-days","Filipīnas","932","512"
"lv.wikipedia","all-access","2018","02","all-days","Lats","932","512"
"lv.wikipedia","all-access","2018","02","all-days","Kategorija:Latvijas_gleznotāji","931","514"
"lv.wikipedia","all-access","2018","02","all-days","Masa","930","515"
"lv.wikipedia","all-access","2018","02","all-days","Latvija_100","928","516"
"lv.wikipedia","all-access","2018","02","all-days","SVID_analīze","927","517"
"lv.wikipedia","all-access","2018","02","all-days","Sinonīms","924","518"
"lv.wikipedia","all-access","2018","02","all-days","Valstu_karogu_galerija","923","519"
"lv.wikipedia","all-access","2018","02","all-days","Saules_sistēmas_planētas","922","520"
"lv.wikipedia","all-access","2018","02","all-days","Singapūra","922","520"
"lv.wikipedia","all-access","2018","02","all-days","Briežu_dzimta","921","522"
"lv.wikipedia","all-access","2018","02","all-days","Īpašības_vārds","921","522"
"lv.wikipedia","all-access","2018","02","all-days","Āda","919","524"
"lv.wikipedia","all-access","2018","02","all-days","Pompeji","918","525"
"lv.wikipedia","all-access","2018","02","all-days","Kuldīga","917","526"
"lv.wikipedia","all-access","2018","02","all-days","Globālā_sasilšana","914","527"
"lv.wikipedia","all-access","2018","02","all-days","Tirgzinība","913","528"
"lv.wikipedia","all-access","2018","02","all-days","Livonijas_krusta_kari","913","528"
"lv.wikipedia","all-access","2018","02","all-days","Vikipēdija:Atsauces","910","530"
"lv.wikipedia","all-access","2018","02","all-days","Roma","906","531"
"lv.wikipedia","all-access","2018","02","all-days","Aleksandrs_Čaks","905","532"
"lv.wikipedia","all-access","2018","02","all-days","Mātes_diena","905","532"
"lv.wikipedia","all-access","2018","02","all-days","Imants_Kalniņš","903","534"
"lv.wikipedia","all-access","2018","02","all-days","Vikipēdija:Aizmetnis","903","534"
"lv.wikipedia","all-access","2018","02","all-days","Virknes_un_paralēlais_slēgums","901","536"
"lv.wikipedia","all-access","2018","02","all-days","Kategorija:ASV_štati","899","537"
"lv.wikipedia","all-access","2018","02","all-days","2018._gads","898","538"
"lv.wikipedia","all-access","2018","02","all-days","Lielais_Ziemeļu_karš","896","539"
"lv.wikipedia","all-access","2018","02","all-days","Londona","892","540"
"lv.wikipedia","all-access","2018","02","all-days","Jānis_Jaunsudrabiņš","892","540"
"lv.wikipedia","all-access","2018","02","all-days","Alnis","890","542"
"lv.wikipedia","all-access","2018","02","all-days","Filozofija","888","543"
"lv.wikipedia","all-access","2018","02","all-days","Latviešu_personvārdi","887","544"
"lv.wikipedia","all-access","2018","02","all-days","Latvijas_Republikas_Ministru_prezidents","883","545"
"lv.wikipedia","all-access","2018","02","all-days","Acs","881","546"
"lv.wikipedia","all-access","2018","02","all-days","Andrejs_Jurjāns","881","546"
"lv.wikipedia","all-access","2018","02","all-days","Šorttreks_2018._gada_ziemas_olimpiskajās_spēlēs","880","548"
"lv.wikipedia","all-access","2018","02","all-days","Kārlis_Skalbe","879","549"
"lv.wikipedia","all-access","2018","02","all-days","Mērvienība","879","549"
"lv.wikipedia","all-access","2018","02","all-days","Kristers_Aparjods","879","549"
"lv.wikipedia","all-access","2018","02","all-days","Zīdītāji","878","552"
"lv.wikipedia","all-access","2018","02","all-days","Etiķskābe","877","553"
"lv.wikipedia","all-access","2018","02","all-days","Čehija","870","554"
"lv.wikipedia","all-access","2018","02","all-days","Neitrofilie_leikocīti","868","555"
"lv.wikipedia","all-access","2018","02","all-days","Kārlis_Lielais","867","556"
"lv.wikipedia","all-access","2018","02","all-days","Livonijas_ordenis","865","557"
"lv.wikipedia","all-access","2018","02","all-days","Rumānija","863","558"
"lv.wikipedia","all-access","2018","02","all-days","Māris_Mičerevskis","862","559"
"lv.wikipedia","all-access","2018","02","all-days","Latvijas_kultūrvēsturiskie_novadi","862","559"
"lv.wikipedia","all-access","2018","02","all-days","YouTube","862","559"
"lv.wikipedia","all-access","2018","02","all-days","Mārtiņi","860","562"
"lv.wikipedia","all-access","2018","02","all-days","Sengrieķu_literatūra","858","563"
"lv.wikipedia","all-access","2018","02","all-days","Andrejs_Upīts","855","564"
"lv.wikipedia","all-access","2018","02","all-days","Armēnija","855","564"
"lv.wikipedia","all-access","2018","02","all-days","Džuzepe_Verdi","855","564"
"lv.wikipedia","all-access","2018","02","all-days","Lielie_ģeogrāfiskie_atklājumi","852","567"
"lv.wikipedia","all-access","2018","02","all-days","Skeletons","851","568"
"lv.wikipedia","all-access","2018","02","all-days","Jaunie_laiki","850","569"
"lv.wikipedia","all-access","2018","02","all-days","Ekonomika","849","570"
"lv.wikipedia","all-access","2018","02","all-days","Lietvārds","847","571"
"lv.wikipedia","all-access","2018","02","all-days","Kartupelis","846","572"
"lv.wikipedia","all-access","2018","02","all-days","Vāveres","843","573"
"lv.wikipedia","all-access","2018","02","all-days","Reliģija","843","573"
"lv.wikipedia","all-access","2018","02","all-days","Spēļu_kārtis","842","575"
"lv.wikipedia","all-access","2018","02","all-days","Lielupe","842","575"
"lv.wikipedia","all-access","2018","02","all-days","Melngalvju_nams","841","577"
"lv.wikipedia","all-access","2018","02","all-days","Mārtiņš_Luters","839","578"
"lv.wikipedia","all-access","2018","02","all-days","Merkantilisms","838","579"
"lv.wikipedia","all-access","2018","02","all-days","Mārtiņš_Zīverts","837","580"
"lv.wikipedia","all-access","2018","02","all-days","Īlons_Masks","837","580"
"lv.wikipedia","all-access","2018","02","all-days","Ciete","836","582"
"lv.wikipedia","all-access","2018","02","all-days","Hinduisms","835","583"
"lv.wikipedia","all-access","2018","02","all-days","Vaboles","835","583"
"lv.wikipedia","all-access","2018","02","all-days","Sinuss","834","585"
"lv.wikipedia","all-access","2018","02","all-days","I_Vispārīgie_latviešu_Dziedāšanas_svētki","834","585"
"lv.wikipedia","all-access","2018","02","all-days","Valsts_pārvaldes_forma","834","585"
"lv.wikipedia","all-access","2018","02","all-days","Balles_dejas","830","588"
"lv.wikipedia","all-access","2018","02","all-days","Infekciozā_mononukleoze","829","589"
"lv.wikipedia","all-access","2018","02","all-days","Sibīrija","829","589"
"lv.wikipedia","all-access","2018","02","all-days","Mūzika","828","591"
"lv.wikipedia","all-access","2018","02","all-days","MDMA","828","591"
"lv.wikipedia","all-access","2018","02","all-days","Reklāma","826","593"
"lv.wikipedia","all-access","2018","02","all-days","Dzimtbūšana","826","593"
"lv.wikipedia","all-access","2018","02","all-days","Grieķu_alfabēts","826","593"
"lv.wikipedia","all-access","2018","02","all-days","Latvijas_zivju_sugu_uzskaitījums","825","596"
"lv.wikipedia","all-access","2018","02","all-days","Everests","824","597"
"lv.wikipedia","all-access","2018","02","all-days","19._gadsimts","823","598"
"lv.wikipedia","all-access","2018","02","all-days","Sports_Latvijā","823","598"
"lv.wikipedia","all-access","2018","02","all-days","Uzņēmums","823","598"
"lv.wikipedia","all-access","2018","02","all-days","Funkcija","822","601"
"lv.wikipedia","all-access","2018","02","all-days","Tilpums","822","601"
"lv.wikipedia","all-access","2018","02","all-days","Latvijas_Republikas_proklamēšanas_diena","820","603"
"lv.wikipedia","all-access","2018","02","all-days","Vējš","820","603"
"lv.wikipedia","all-access","2018","02","all-days","Jūdaisms","820","603"
"lv.wikipedia","all-access","2018","02","all-days","Pavasaris","819","606"
"lv.wikipedia","all-access","2018","02","all-days","Inga_Ābele","819","606"
"lv.wikipedia","all-access","2018","02","all-days","Sabiedrība_ar_ierobežotu_atbildību","818","608"
"lv.wikipedia","all-access","2018","02","all-days","Miķeļi","817","609"
"lv.wikipedia","all-access","2018","02","all-days","Kamaniņu_braukšana","817","609"
"lv.wikipedia","all-access","2018","02","all-days","Ātrslidošana","813","611"
"lv.wikipedia","all-access","2018","02","all-days","Varavīksne","813","611"
"lv.wikipedia","all-access","2018","02","all-days","Čikāgas_piecīši","812","613"
"lv.wikipedia","all-access","2018","02","all-days","Pakistāna","811","614"
"lv.wikipedia","all-access","2018","02","all-days","Vikingi","810","615"
"lv.wikipedia","all-access","2018","02","all-days","1941._gada_jūnija_deportācijas_Latvijā","810","615"
"lv.wikipedia","all-access","2018","02","all-days","Balti","808","617"
"lv.wikipedia","all-access","2018","02","all-days","Gaiss","807","618"
"lv.wikipedia","all-access","2018","02","all-days","Okeānija","806","619"
"lv.wikipedia","all-access","2018","02","all-days","Jēzus_Kristus","806","619"
"lv.wikipedia","all-access","2018","02","all-days","Piens","804","621"
"lv.wikipedia","all-access","2018","02","all-days","Leonardo_Di_Kaprio","803","622"
"lv.wikipedia","all-access","2018","02","all-days","Elektrodzinējs","803","622"
"lv.wikipedia","all-access","2018","02","all-days","Insults","802","624"
"lv.wikipedia","all-access","2018","02","all-days","Liene_Greifāne","802","624"
"lv.wikipedia","all-access","2018","02","all-days","Feminisms","801","626"
"lv.wikipedia","all-access","2018","02","all-days","Latvijas_Nacionālais_teātris","801","626"
"lv.wikipedia","all-access","2018","02","all-days","Juris_Rubenis","801","626"
"lv.wikipedia","all-access","2018","02","all-days","Kategorija:Pūšamie_mūzikas_instrumenti","801","626"
"lv.wikipedia","all-access","2018","02","all-days","Slovākija","800","630"
"lv.wikipedia","all-access","2018","02","all-days","Krievu_alfabēts","799","631"
"lv.wikipedia","all-access","2018","02","all-days","Oksidēšanas_pakāpe","799","631"
"lv.wikipedia","all-access","2018","02","all-days","Vinstons_Čērčils","799","631"
"lv.wikipedia","all-access","2018","02","all-days","Amazone","799","631"
"lv.wikipedia","all-access","2018","02","all-days","Antonio_Vivaldi","797","635"
"lv.wikipedia","all-access","2018","02","all-days","Parīze","796","636"
"lv.wikipedia","all-access","2018","02","all-days","Nigērija","795","637"
"lv.wikipedia","all-access","2018","02","all-days","Palīdzība:Rediģēšana,_noformēšana","795","637"
"lv.wikipedia","all-access","2018","02","all-days","Stefans_Lambjels","794","639"
"lv.wikipedia","all-access","2018","02","all-days","Augi","794","639"
"lv.wikipedia","all-access","2018","02","all-days","Kondensators","793","641"
"lv.wikipedia","all-access","2018","02","all-days","Vatikāns","793","641"
"lv.wikipedia","all-access","2018","02","all-days","Volga","792","643"
"lv.wikipedia","all-access","2018","02","all-days","Suverēno_valstu_uzskaitījums","788","644"
"lv.wikipedia","all-access","2018","02","all-days","Kategorija:Ārstniecības_augi","788","644"
"lv.wikipedia","all-access","2018","02","all-days","Special:NewPages","787","646"
"lv.wikipedia","all-access","2018","02","all-days","Ungārija","787","646"
"lv.wikipedia","all-access","2018","02","all-days","Vizma_Belševica","786","648"
"lv.wikipedia","all-access","2018","02","all-days","Eduards_Veidenbaums","786","648"
"lv.wikipedia","all-access","2018","02","all-days","Kanāriju_Salas","786","648"
"lv.wikipedia","all-access","2018","02","all-days","Uzbekistāna","785","651"
"lv.wikipedia","all-access","2018","02","all-days","Klimats","783","652"
"lv.wikipedia","all-access","2018","02","all-days","Reālisms","782","653"
"lv.wikipedia","all-access","2018","02","all-days","Vjetnama","782","653"
"lv.wikipedia","all-access","2018","02","all-days","Čīle","782","653"
"lv.wikipedia","all-access","2018","02","all-days","Polimēri","781","656"
"lv.wikipedia","all-access","2018","02","all-days","Ģeogrāfiskā_koordinātu_sistēma","781","656"
"lv.wikipedia","all-access","2018","02","all-days","Jaungvineja","780","658"
"lv.wikipedia","all-access","2018","02","all-days","Afrodīte","780","658"
"lv.wikipedia","all-access","2018","02","all-days","Roberto_Puķītis","778","660"
"lv.wikipedia","all-access","2018","02","all-days","Februāris","777","661"
"lv.wikipedia","all-access","2018","02","all-days","Sandis_Prūsis","777","661"
"lv.wikipedia","all-access","2018","02","all-days","Okeāns","777","661"
"lv.wikipedia","all-access","2018","02","all-days","Elektrība","776","664"
"lv.wikipedia","all-access","2018","02","all-days","Jana_Duļevska","775","665"
"lv.wikipedia","all-access","2018","02","all-days","Janis_Rozentāls","772","666"
"lv.wikipedia","all-access","2018","02","all-days","Hlors","772","666"
"lv.wikipedia","all-access","2018","02","all-days","Organiskā_viela","771","668"
"lv.wikipedia","all-access","2018","02","all-days","Lasis","771","668"
"lv.wikipedia","all-access","2018","02","all-days","Jaunā_strāva","770","670"
"lv.wikipedia","all-access","2018","02","all-days","Aminoskābes","770","670"
"lv.wikipedia","all-access","2018","02","all-days","Alpi","770","670"
"lv.wikipedia","all-access","2018","02","all-days","Latvijas_pievienošanās_Eiropas_Savienībai","769","673"
"lv.wikipedia","all-access","2018","02","all-days","Rīgas_Doms","768","674"
"lv.wikipedia","all-access","2018","02","all-days","Sandis_Ozoliņš","768","674"
"lv.wikipedia","all-access","2018","02","all-days","Kurzemes_cietoksnis","768","674"
"lv.wikipedia","all-access","2018","02","all-days","Mājas_vista","767","677"
"lv.wikipedia","all-access","2018","02","all-days","Mjanma","767","677"
"lv.wikipedia","all-access","2018","02","all-days","Krustziežu_dzimta","765","679"
"lv.wikipedia","all-access","2018","02","all-days","Osmaņu_impērijas_sultānu_uzskaitījums","763","680"
"lv.wikipedia","all-access","2018","02","all-days","2010._gada_ziemas_olimpiskās_spēles","761","681"
"lv.wikipedia","all-access","2018","02","all-days","Aīds","760","682"
"lv.wikipedia","all-access","2018","02","all-days","Sociālisms","760","682"
"lv.wikipedia","all-access","2018","02","all-days","Kalnu_slēpošana_2018._gada_ziemas_olimpiskajās_spēlēs","759","684"
"lv.wikipedia","all-access","2018","02","all-days","Ebreji","758","685"
"lv.wikipedia","all-access","2018","02","all-days","Folklora","758","685"
"lv.wikipedia","all-access","2018","02","all-days","ABLV","757","687"
"lv.wikipedia","all-access","2018","02","all-days","Lil_Peep","757","687"
"lv.wikipedia","all-access","2018","02","all-days","Georgs_Frīdrihs_Hendelis","757","687"
"lv.wikipedia","all-access","2018","02","all-days","Vidusjūra","754","690"
"lv.wikipedia","all-access","2018","02","all-days","Bites","754","690"
"lv.wikipedia","all-access","2018","02","all-days","Ogre","754","690"
"lv.wikipedia","all-access","2018","02","all-days","Ņūtona_likumi","754","690"
"lv.wikipedia","all-access","2018","02","all-days","Nameja_gredzens_(rotaslieta)","753","694"
"lv.wikipedia","all-access","2018","02","all-days","Pirmskaitlis","753","694"
"lv.wikipedia","all-access","2018","02","all-days","Evolūcijas_teorija","752","696"
"lv.wikipedia","all-access","2018","02","all-days","Kubikmetrs","752","696"
"lv.wikipedia","all-access","2018","02","all-days","Kubs","751","698"
"lv.wikipedia","all-access","2018","02","all-days","Bauska","751","698"
"lv.wikipedia","all-access","2018","02","all-days","Tievā_zarna","750","700"
"lv.wikipedia","all-access","2018","02","all-days","Lībieši","749","701"
"lv.wikipedia","all-access","2018","02","all-days","Luijs_XIV","746","702"
"lv.wikipedia","all-access","2018","02","all-days","Gaujas_nacionālais_parks","746","702"
"lv.wikipedia","all-access","2018","02","all-days","Skābes","746","702"
"lv.wikipedia","all-access","2018","02","all-days","Baltijas_valstis","746","702"
"lv.wikipedia","all-access","2018","02","all-days","Taisnstūra_paralēlskaldnis","746","702"
"lv.wikipedia","all-access","2018","02","all-days","Dezoksiribonukleīnskābe","746","702"
"lv.wikipedia","all-access","2018","02","all-days","Iliāda","745","708"
"lv.wikipedia","all-access","2018","02","all-days","Zole_(kāršu_spēle)","744","709"
"lv.wikipedia","all-access","2018","02","all-days","Zigfrīds_Anna_Meierovics","744","709"
"lv.wikipedia","all-access","2018","02","all-days","Pēteris_I","742","711"
"lv.wikipedia","all-access","2018","02","all-days","Dimants","742","711"
"lv.wikipedia","all-access","2018","02","all-days","Paralelograms","742","711"
"lv.wikipedia","all-access","2018","02","all-days","Ūsiņš","741","714"
"lv.wikipedia","all-access","2018","02","all-days","Amerikas_pamatiedzīvotāji","739","715"
"lv.wikipedia","all-access","2018","02","all-days","Einars_Repše","738","716"
"lv.wikipedia","all-access","2018","02","all-days","Elektriskais_lauks","738","716"
"lv.wikipedia","all-access","2018","02","all-days","Centrālāzija","738","716"
"lv.wikipedia","all-access","2018","02","all-days","Spriegums","737","719"
"lv.wikipedia","all-access","2018","02","all-days","Juris_Alunāns","737","719"
"lv.wikipedia","all-access","2018","02","all-days","Veģetārisms","736","721"
"lv.wikipedia","all-access","2018","02","all-days","Berze","736","721"
"lv.wikipedia","all-access","2018","02","all-days","Divdabis","736","721"
"lv.wikipedia","all-access","2018","02","all-days","Mongolija","734","724"
"lv.wikipedia","all-access","2018","02","all-days","Māls","734","724"
"lv.wikipedia","all-access","2018","02","all-days","Special:MobileOptions","733","726"
"lv.wikipedia","all-access","2018","02","all-days","Viņas_melo_labāk","732","727"
"lv.wikipedia","all-access","2018","02","all-days","2017._gada_laikapstākļi_Latvijā","730","728"
"lv.wikipedia","all-access","2018","02","all-days","Īpašvārds","730","728"
"lv.wikipedia","all-access","2018","02","all-days","Lauva","729","730"
"lv.wikipedia","all-access","2018","02","all-days","Māksla","729","730"
"lv.wikipedia","all-access","2018","02","all-days","Seišelas","729","730"
"lv.wikipedia","all-access","2018","02","all-days","Teātris","729","730"
"lv.wikipedia","all-access","2018","02","all-days","Gotika","728","734"
"lv.wikipedia","all-access","2018","02","all-days","Bruņrupuči","728","734"
"lv.wikipedia","all-access","2018","02","all-days","Šizofrēnija","727","736"
"lv.wikipedia","all-access","2018","02","all-days","Ziloņi","726","737"
"lv.wikipedia","all-access","2018","02","all-days","Azerbaidžāna","725","738"
"lv.wikipedia","all-access","2018","02","all-days","Sēra_dioksīds","725","738"
"lv.wikipedia","all-access","2018","02","all-days","Dabasgāze","723","740"
"lv.wikipedia","all-access","2018","02","all-days","Aritmētiskā_progresija","723","740"
"lv.wikipedia","all-access","2018","02","all-days","Elektriskā_strāva","722","742"
"lv.wikipedia","all-access","2018","02","all-days","Atmosfēras_spiediens","721","743"
"lv.wikipedia","all-access","2018","02","all-days","Maļorka","720","744"
"lv.wikipedia","all-access","2018","02","all-days","1924._gada_ziemas_olimpiskās_spēles","720","744"
"lv.wikipedia","all-access","2018","02","all-days","Aizkuņģa_dziedzeris","720","744"
"lv.wikipedia","all-access","2018","02","all-days","Google","719","747"
"lv.wikipedia","all-access","2018","02","all-days","Ētika","718","748"
"lv.wikipedia","all-access","2018","02","all-days","Šūna","717","749"
"lv.wikipedia","all-access","2018","02","all-days","Vikipēdija_latviešu_valodā","717","749"
"lv.wikipedia","all-access","2018","02","all-days","Platons","717","749"
"lv.wikipedia","all-access","2018","02","all-days","Havaju_salas","717","749"
"lv.wikipedia","all-access","2018","02","all-days","C_vitamīns","717","749"
"lv.wikipedia","all-access","2018","02","all-days","Taisnstūris","717","749"
"lv.wikipedia","all-access","2018","02","all-days","Monarhija","716","755"
"lv.wikipedia","all-access","2018","02","all-days","Melnkalne","716","755"
"lv.wikipedia","all-access","2018","02","all-days","Aristotelis","716","755"
"lv.wikipedia","all-access","2018","02","all-days","Neptūns_(planēta)","715","758"
"lv.wikipedia","all-access","2018","02","all-days","Tibeta","715","758"
"lv.wikipedia","all-access","2018","02","all-days","Anēmija","714","760"
"lv.wikipedia","all-access","2018","02","all-days","Sirreālisms","714","760"
"lv.wikipedia","all-access","2018","02","all-days","Ampērs","713","762"
"lv.wikipedia","all-access","2018","02","all-days","Valsts","713","762"
"lv.wikipedia","all-access","2018","02","all-days","Glezniecība","712","764"
"lv.wikipedia","all-access","2018","02","all-days","Likteņa_līdumnieki","712","764"
"lv.wikipedia","all-access","2018","02","all-days","Romānika","711","766"
"lv.wikipedia","all-access","2018","02","all-days","Kvadrāts","711","766"
"lv.wikipedia","all-access","2018","02","all-days","Lāčplēša_diena","710","768"
"lv.wikipedia","all-access","2018","02","all-days","Vladimirs_Ļeņins","708","769"
"lv.wikipedia","all-access","2018","02","all-days","Cilvēka_skelets","707","770"
"lv.wikipedia","all-access","2018","02","all-days","Lūši","707","770"
"lv.wikipedia","all-access","2018","02","all-days","Latvijas_Televīzija","707","770"
"lv.wikipedia","all-access","2018","02","all-days","Eiropas_Padomes_konvencija_par_vardarbības_pret_sievietēm_un_vardarbību_ģimenē_novēršanu_un_apkarošanu","707","770"
"lv.wikipedia","all-access","2018","02","all-days","Māris_Kučinskis","705","774"
"lv.wikipedia","all-access","2018","02","all-days","Senās_Ēģiptes_mitoloģija","705","774"
"lv.wikipedia","all-access","2018","02","all-days","Rīgas_pils","704","776"
"lv.wikipedia","all-access","2018","02","all-days","Sērskābe","702","777"
"lv.wikipedia","all-access","2018","02","all-days","Kristofors_Kolumbs","702","777"
"lv.wikipedia","all-access","2018","02","all-days","Itālijas_pilsētu_uzskaitījums","702","777"
"lv.wikipedia","all-access","2018","02","all-days","Tipveida_dzīvojamā_apbūve_Rīgā","702","777"
"lv.wikipedia","all-access","2018","02","all-days","Fotogrāfija","701","781"
"lv.wikipedia","all-access","2018","02","all-days","Skudru_dzimta","701","781"
"lv.wikipedia","all-access","2018","02","all-days","Regīna_Ezera","701","781"
"lv.wikipedia","all-access","2018","02","all-days","Māra","701","781"
"lv.wikipedia","all-access","2018","02","all-days","Koks","701","781"
"lv.wikipedia","all-access","2018","02","all-days","Latīņu_valoda","700","786"
"lv.wikipedia","all-access","2018","02","all-days","Special:SpecialPages","700","786"
"lv.wikipedia","all-access","2018","02","all-days","Rožu_dzimta","699","788"
"lv.wikipedia","all-access","2018","02","all-days","Vēžveidīgie","698","789"
"lv.wikipedia","all-access","2018","02","all-days","Saūda_Arābija","698","789"
"lv.wikipedia","all-access","2018","02","all-days","Monako","698","789"
"lv.wikipedia","all-access","2018","02","all-days","Rīgas_jūras_līcis","698","789"
"lv.wikipedia","all-access","2018","02","all-days","Naturāls_skaitlis","697","793"
"lv.wikipedia","all-access","2018","02","all-days","Zaķi","697","793"
"lv.wikipedia","all-access","2018","02","all-days","Latviešu_ornamenti","697","793"
"lv.wikipedia","all-access","2018","02","all-days","Svētais_Valentīns","696","796"
"lv.wikipedia","all-access","2018","02","all-days","Asinsrites_orgānu_sistēma","695","797"
"lv.wikipedia","all-access","2018","02","all-days","Literatūra","693","798"
"lv.wikipedia","all-access","2018","02","all-days","Atēnas","691","799"
"lv.wikipedia","all-access","2018","02","all-days","Zvaigzne","691","799"
"lv.wikipedia","all-access","2018","02","all-days","Referāts","691","799"
"lv.wikipedia","all-access","2018","02","all-days","Vikipēdija:Smilšu_kaste","689","802"
"lv.wikipedia","all-access","2018","02","all-days","Kategorija:Stīgu_instrumenti","688","803"
"lv.wikipedia","all-access","2018","02","all-days","Romāns","688","803"
"lv.wikipedia","all-access","2018","02","all-days","Jupiters_(planēta)","688","803"
"lv.wikipedia","all-access","2018","02","all-days","Ķērpji","687","806"
"lv.wikipedia","all-access","2018","02","all-days","Peru","686","807"
"lv.wikipedia","all-access","2018","02","all-days","Latviešu_tautastērpi","686","807"
"lv.wikipedia","all-access","2018","02","all-days","Alberts_Einšteins","686","807"
"lv.wikipedia","all-access","2018","02","all-days","Triju_Zvaigžņu_ordenis","685","810"
"lv.wikipedia","all-access","2018","02","all-days","Latvijas_Nacionālie_bruņotie_spēki","685","810"
"lv.wikipedia","all-access","2018","02","all-days","Luksemburga","684","812"
"lv.wikipedia","all-access","2018","02","all-days","Baroka_mūzika","684","812"
"lv.wikipedia","all-access","2018","02","all-days","Paracetamols","684","812"
"lv.wikipedia","all-access","2018","02","all-days","Rīgas_Svētā_Pētera_baznīca","683","815"
"lv.wikipedia","all-access","2018","02","all-days","Irāna","683","815"
"lv.wikipedia","all-access","2018","02","all-days","Arvīds_Blūmentāls","682","817"
"lv.wikipedia","all-access","2018","02","all-days","Valentīna_Freimane","682","817"
"lv.wikipedia","all-access","2018","02","all-days","Colla","681","819"
"lv.wikipedia","all-access","2018","02","all-days","Apstākļa_vārds","680","820"
"lv.wikipedia","all-access","2018","02","all-days","Černobiļas_AES_katastrofa","680","820"
"lv.wikipedia","all-access","2018","02","all-days","Latvijas_augstākie_pauguri","680","820"
"lv.wikipedia","all-access","2018","02","all-days","Vilhelms_Purvītis","680","820"
"lv.wikipedia","all-access","2018","02","all-days","Bisektrise","680","820"
"lv.wikipedia","all-access","2018","02","all-days","Kvēlspuldze","679","825"
"lv.wikipedia","all-access","2018","02","all-days","Juris_Šics","678","826"
"lv.wikipedia","all-access","2018","02","all-days","Eirāzija","678","826"
"lv.wikipedia","all-access","2018","02","all-days","Kalnu_slēpošana","678","826"
"lv.wikipedia","all-access","2018","02","all-days","Stikls","677","829"
"lv.wikipedia","all-access","2018","02","all-days","Sitamie_instrumenti","677","829"
"lv.wikipedia","all-access","2018","02","all-days","Ventas_rumba","677","829"
"lv.wikipedia","all-access","2018","02","all-days","Vjetnamas_karš","676","832"
"lv.wikipedia","all-access","2018","02","all-days","Ūle_Einars_Bjērndalens","675","833"
"lv.wikipedia","all-access","2018","02","all-days","Frideriks_Šopēns","675","833"
"lv.wikipedia","all-access","2018","02","all-days","Meža_tipi_Latvijā","674","835"
"lv.wikipedia","all-access","2018","02","all-days","Slovēnija","674","835"
"lv.wikipedia","all-access","2018","02","all-days","Žils_Verns","673","837"
"lv.wikipedia","all-access","2018","02","all-days","Krēta","672","838"
"lv.wikipedia","all-access","2018","02","all-days","Melanoma","672","838"
"lv.wikipedia","all-access","2018","02","all-days","Instrumenti_(grupa)","672","838"
"lv.wikipedia","all-access","2018","02","all-days","Parastais_ozols","671","841"
"lv.wikipedia","all-access","2018","02","all-days","Zemes_garoza","669","842"
"lv.wikipedia","all-access","2018","02","all-days","Zemestrīce","668","843"
"lv.wikipedia","all-access","2018","02","all-days","Francijas_pilsētu_uzskaitījums","668","843"
"lv.wikipedia","all-access","2018","02","all-days","Atoms","668","843"
"lv.wikipedia","all-access","2018","02","all-days","Gliemji","668","843"
"lv.wikipedia","all-access","2018","02","all-days","Dievs","668","843"
"lv.wikipedia","all-access","2018","02","all-days","Četrstūris","668","843"
"lv.wikipedia","all-access","2018","02","all-days","Baumaņu_Kārlis","667","849"
"lv.wikipedia","all-access","2018","02","all-days","Māris_Štrombergs","667","849"
"lv.wikipedia","all-access","2018","02","all-days","Ķīmisko_elementu_saraksts","667","849"
"lv.wikipedia","all-access","2018","02","all-days","Florbols","667","849"
"lv.wikipedia","all-access","2018","02","all-days","Latvijas_upju_uzskaitījums","666","853"
"lv.wikipedia","all-access","2018","02","all-days","Tēlniecība","666","853"
"lv.wikipedia","all-access","2018","02","all-days","Vegānisms","666","853"
"lv.wikipedia","all-access","2018","02","all-days","Eritrocīti","665","856"
"lv.wikipedia","all-access","2018","02","all-days","Fašisms","664","857"
"lv.wikipedia","all-access","2018","02","all-days","Dainas","664","857"
"lv.wikipedia","all-access","2018","02","all-days","Nīla","664","857"
"lv.wikipedia","all-access","2018","02","all-days","Jozefs_Haidns","663","860"
"lv.wikipedia","all-access","2018","02","all-days","Edvīns_Endre","663","860"
"lv.wikipedia","all-access","2018","02","all-days","Loģistika","662","862"
"lv.wikipedia","all-access","2018","02","all-days","Zirgi","662","862"
"lv.wikipedia","all-access","2018","02","all-days","Andris_Šics","662","862"
"lv.wikipedia","all-access","2018","02","all-days","Rūpnieciskā_revolūcija","661","865"
"lv.wikipedia","all-access","2018","02","all-days","Pneimonija","661","865"
"lv.wikipedia","all-access","2018","02","all-days","Zenta_Mauriņa","660","867"
"lv.wikipedia","all-access","2018","02","all-days","Lidmašīna","660","867"
"lv.wikipedia","all-access","2018","02","all-days","Gaisma","659","869"
"lv.wikipedia","all-access","2018","02","all-days","Rail_Baltica","658","870"
"lv.wikipedia","all-access","2018","02","all-days","Tīģeris","658","870"
"lv.wikipedia","all-access","2018","02","all-days","Andora","657","872"
"lv.wikipedia","all-access","2018","02","all-days","Aiviekste","657","872"
"lv.wikipedia","all-access","2018","02","all-days","Radiostacijas_Latvijā","656","874"
"lv.wikipedia","all-access","2018","02","all-days","Sokrats","656","874"
"lv.wikipedia","all-access","2018","02","all-days","Balkānu_pussala","656","874"
"lv.wikipedia","all-access","2018","02","all-days","Liliju_dzimta","656","874"
"lv.wikipedia","all-access","2018","02","all-days","Akumulatoru_baterija","655","878"
"lv.wikipedia","all-access","2018","02","all-days","Teiču_dabas_rezervāts","654","879"
"lv.wikipedia","all-access","2018","02","all-days","Novele","654","879"
"lv.wikipedia","all-access","2018","02","all-days","Latvijas_Tautas_fronte","654","879"
"lv.wikipedia","all-access","2018","02","all-days","Poseidons","654","879"
"lv.wikipedia","all-access","2018","02","all-days","Svētā_Romas_impērija","653","883"
"lv.wikipedia","all-access","2018","02","all-days","Glicerīns","652","884"
"lv.wikipedia","all-access","2018","02","all-days","Vēsture","652","884"
"lv.wikipedia","all-access","2018","02","all-days","Baiba_Bendika","651","886"
"lv.wikipedia","all-access","2018","02","all-days","Vija_Artmane","651","886"
"lv.wikipedia","all-access","2018","02","all-days","Himalaji","650","888"
"lv.wikipedia","all-access","2018","02","all-days","Maslova_vajadzību_hierarhija","650","888"
"lv.wikipedia","all-access","2018","02","all-days","Kendija_Aparjode","650","888"
"lv.wikipedia","all-access","2018","02","all-days","Parlaments","650","888"
"lv.wikipedia","all-access","2018","02","all-days","Kategorija:Kāršu_spēles","650","888"
"lv.wikipedia","all-access","2018","02","all-days","Palmu_dzimta","649","893"
"lv.wikipedia","all-access","2018","02","all-days","Kategorija:Latviešu_uzvārdi","649","893"
"lv.wikipedia","all-access","2018","02","all-days","Cēsu_viduslaiku_pils","648","895"
"lv.wikipedia","all-access","2018","02","all-days","Atlantijas_okeāns","648","895"
"lv.wikipedia","all-access","2018","02","all-days","Ziema","648","895"
"lv.wikipedia","all-access","2018","02","all-days","Nāves_ēnā_(filma)","648","895"
"lv.wikipedia","all-access","2018","02","all-days","Galvaspilsētu_uzskaitījums","647","899"
"lv.wikipedia","all-access","2018","02","all-days","Talsi","647","899"
"lv.wikipedia","all-access","2018","02","all-days","Sēlija","647","899"
"lv.wikipedia","all-access","2018","02","all-days","Tvaika_dzinējs","647","899"
"lv.wikipedia","all-access","2018","02","all-days","Baltais_stārķis","646","903"
"lv.wikipedia","all-access","2018","02","all-days","2018._gada_laikapstākļi_Latvijā","646","903"
"lv.wikipedia","all-access","2018","02","all-days","Sālsskābe","646","903"
"lv.wikipedia","all-access","2018","02","all-days","Priedēklis","646","903"
"lv.wikipedia","all-access","2018","02","all-days","Ņujorka","646","903"
"lv.wikipedia","all-access","2018","02","all-days","Trasta_komercbanka","646","903"
"lv.wikipedia","all-access","2018","02","all-days","16._februāris","644","909"
"lv.wikipedia","all-access","2018","02","all-days","Malaizija","643","910"
"lv.wikipedia","all-access","2018","02","all-days","Radniecība","643","910"
"lv.wikipedia","all-access","2018","02","all-days","Šrilanka","643","910"
"lv.wikipedia","all-access","2018","02","all-days","Romas_Republika","642","913"
"lv.wikipedia","all-access","2018","02","all-days","Artūrs_Irbe","641","914"
"lv.wikipedia","all-access","2018","02","all-days","Vladimirs_Putins","641","914"
"lv.wikipedia","all-access","2018","02","all-days","Ivans_IV","640","916"
"lv.wikipedia","all-access","2018","02","all-days","Elīza_Cauce","639","917"
"lv.wikipedia","all-access","2018","02","all-days","Kvadrātvienādojums","638","918"
"lv.wikipedia","all-access","2018","02","all-days","Auseklis_(dzejnieks)","638","918"
"lv.wikipedia","all-access","2018","02","all-days","Cigarete","638","918"
"lv.wikipedia","all-access","2018","02","all-days","Stirna","636","921"
"lv.wikipedia","all-access","2018","02","all-days","Skroderdienas_Silmačos","636","921"
"lv.wikipedia","all-access","2018","02","all-days","Zelts","636","921"
"lv.wikipedia","all-access","2018","02","all-days","Special:Log/block","635","924"
"lv.wikipedia","all-access","2018","02","all-days","Reina","634","925"
"lv.wikipedia","all-access","2018","02","all-days","Nakteņu_dzimta","634","925"
"lv.wikipedia","all-access","2018","02","all-days","Hērakls","633","927"
"lv.wikipedia","all-access","2018","02","all-days","Republika","633","927"
"lv.wikipedia","all-access","2018","02","all-days","Muskuļi","630","929"
"lv.wikipedia","all-access","2018","02","all-days","Brīvās_krišanas_paātrinājums","630","929"
"lv.wikipedia","all-access","2018","02","all-days","Regulārs_daudzstūris","629","931"
"lv.wikipedia","all-access","2018","02","all-days","2016._gada_vasaras_olimpiskās_spēles","629","931"
"lv.wikipedia","all-access","2018","02","all-days","Salaspils_koncentrācijas_nometne","629","931"
"lv.wikipedia","all-access","2018","02","all-days","Oskars_Ķibermanis","627","934"
"lv.wikipedia","all-access","2018","02","all-days","Latvijas_Nacionālā_bibliotēka","627","934"
"lv.wikipedia","all-access","2018","02","all-days","Skābais_lietus","627","934"
"lv.wikipedia","all-access","2018","02","all-days","Pārkinsona_slimība","627","934"
"lv.wikipedia","all-access","2018","02","all-days","Litrs","627","934"
"lv.wikipedia","all-access","2018","02","all-days","Tuberkuloze","627","934"
"lv.wikipedia","all-access","2018","02","all-days","Svece","626","940"
"lv.wikipedia","all-access","2018","02","all-days","Līdaka","626","940"
"lv.wikipedia","all-access","2018","02","all-days","Rihards_Vāgners","626","940"
"lv.wikipedia","all-access","2018","02","all-days","Rombs","625","943"
"lv.wikipedia","all-access","2018","02","all-days","Latvijas_valsts_atzīšana_de_iure","624","944"
"lv.wikipedia","all-access","2018","02","all-days","Mandarīnpīle","622","945"
"lv.wikipedia","all-access","2018","02","all-days","Piesārņojums","622","945"
"lv.wikipedia","all-access","2018","02","all-days","Latvijas_Nacionālā_opera_un_balets","622","945"
"lv.wikipedia","all-access","2018","02","all-days","Karbonskābes","621","948"
"lv.wikipedia","all-access","2018","02","all-days","Izkaisītā_skleroze","621","948"
"lv.wikipedia","all-access","2018","02","all-days","Oleksandrs_Usiks","619","950"
"lv.wikipedia","all-access","2018","02","all-days","Berlīnes_mūris","619","950"
"lv.wikipedia","all-access","2018","02","all-days","Maķedonija","618","952"
"lv.wikipedia","all-access","2018","02","all-days","Emīla_nedarbi","618","952"
"lv.wikipedia","all-access","2018","02","all-days","Okupācija","618","952"
"lv.wikipedia","all-access","2018","02","all-days","Salu_valstu_saraksts","618","952"
"lv.wikipedia","all-access","2018","02","all-days","PH","617","956"
"lv.wikipedia","all-access","2018","02","all-days","Alžīrija","616","957"
"lv.wikipedia","all-access","2018","02","all-days","Ziemassvētku_kaujas","614","958"
"lv.wikipedia","all-access","2018","02","all-days","Lenteņi","614","958"
"lv.wikipedia","all-access","2018","02","all-days","Kambodža","614","958"
"lv.wikipedia","all-access","2018","02","all-days","Operētājsistēma","612","961"
"lv.wikipedia","all-access","2018","02","all-days","Burtnieks","611","962"
"lv.wikipedia","all-access","2018","02","all-days","Jānis_Šipkēvics_vecākais","611","962"
"lv.wikipedia","all-access","2018","02","all-days","Gads","611","962"
"lv.wikipedia","all-access","2018","02","all-days","Homērs","610","965"
"lv.wikipedia","all-access","2018","02","all-days","Vilis_Plūdons","610","965"
"lv.wikipedia","all-access","2018","02","all-days","Kolaboracionisms","609","967"
"lv.wikipedia","all-access","2018","02","all-days","Atēna","608","968"
"lv.wikipedia","all-access","2018","02","all-days","Algoritms","608","968"
"lv.wikipedia","all-access","2018","02","all-days","Frekvence","608","968"
"lv.wikipedia","all-access","2018","02","all-days","Bībele","608","968"
"lv.wikipedia","all-access","2018","02","all-days","Manufaktūra","608","968"
"lv.wikipedia","all-access","2018","02","all-days","Krištianu_Ronaldu","607","973"
"lv.wikipedia","all-access","2018","02","all-days","Dzimtbūšanas_atcelšana_Latvijā","606","974"
"lv.wikipedia","all-access","2018","02","all-days","Lihtenšteina","605","975"
"lv.wikipedia","all-access","2018","02","all-days","Pablo_Pikaso","604","976"
"lv.wikipedia","all-access","2018","02","all-days","Jēkabs_Ketlers","604","976"
"lv.wikipedia","all-access","2018","02","all-days","Bokss","604","976"
"lv.wikipedia","all-access","2018","02","all-days","Anšlavs_Eglītis","603","979"
"lv.wikipedia","all-access","2018","02","all-days","Arktika","603","979"
"lv.wikipedia","all-access","2018","02","all-days","Kaķu_dzimta","603","979"
"lv.wikipedia","all-access","2018","02","all-days","Jumis","603","979"
"lv.wikipedia","all-access","2018","02","all-days","Pasaules_čempionāts_hokejā","603","979"
"lv.wikipedia","all-access","2018","02","all-days","Drīdzis","602","984"
"lv.wikipedia","all-access","2018","02","all-days","Romeo_un_Džuljeta","602","984"
"lv.wikipedia","all-access","2018","02","all-days","Genocīds","601","986"
"lv.wikipedia","all-access","2018","02","all-days","Zobi","601","986"
"lv.wikipedia","all-access","2018","02","all-days","Oglekļa_monoksīds","600","988"
"lv.wikipedia","all-access","2018","02","all-days","Dārgakmens","600","988"
"lv.wikipedia","all-access","2018","02","all-days","Saules_kauja","600","988"
"lv.wikipedia","all-access","2018","02","all-days","Latvijas_basketbola_izlase","600","988"
"lv.wikipedia","all-access","2018","02","all-days","Rovans_Atkinsons","600","988"
"lv.wikipedia","all-access","2018","02","all-days","Oktaviāns","600","988"
"lv.wikipedia","all-access","2018","02","all-days","Bebri","600","988"
"lv.wikipedia","all-access","2018","02","all-days","Sports","598","995"
"lv.wikipedia","all-access","2018","02","all-days","Pulkstenis","598","995"
"lv.wikipedia","all-access","2018","02","all-days","Tautas_attīstības_indekss","597","997"
"lv.wikipedia","all-access","2018","02","all-days","Saldus","597","997"
